Latitude,Longitude,Elevation,Bearing
13.082697,80.270678,12.0,0
13.083963,80.270496,12.0,-7.9712
13.084553,80.269813,10.0,-48.4314
13.08489,80.268682,11.0,-72.9905
13.08495,80.267762,11.0,-86.1693
13.085216,80.266779,11.0,-74.4739
13.085367,80.265691,12.0,-81.8906
13.085521,80.264338,10.0,-83.3348
13.085577,80.262908,14.0,-87.6975
13.084127,80.262574,10.0,-167.3543
13.083238,80.262369,10.0,-167.3409
13.082355,80.262213,10.0,-170.2359
13.081266,80.262496,10.0,165.7952
13.080295,80.262785,9.0,163.8327
13.080023,80.26196,9.0,-108.6998
13.079633,80.260945,6.0,-111.5277
13.079319,80.258789,13.0,-98.5036
13.079134,80.256989,10.0,-96.0231
13.079049,80.256036,8.0,-95.2317
13.078878,80.2547,11.0,-97.4858
13.078739,80.253099,12.0,-95.0933
13.078774,80.252057,9.0,-88.0249
13.078767,80.251067,11.0,-90.4158
13.078738,80.250077,10.0,-91.7224
13.078523,80.249133,15.0,-103.1603
13.078355,80.248129,13.0,-99.7474
13.078174,80.247189,10.0,-101.182
13.077984,80.246194,12.0,-101.0915
13.077872,80.244769,12.0,-94.613
13.077748,80.243688,14.0,-96.7163
13.077573,80.242289,16.0,-97.3177
13.077376,80.241302,11.0,-101.58
13.077133,80.240406,12.0,-105.5585
13.076896,80.239422,15.0,-103.8886
13.076579,80.238027,14.0,-103.1315
13.076338,80.236771,16.0,-101.1437
13.076141,80.235783,13.0,-101.5686
13.075741,80.233915,10.0,-102.3981
13.075502,80.232948,11.0,-104.2374
13.075228,80.232063,15.0,-107.6325
13.07481,80.230871,12.0,-109.799
13.0742,80.229417,14.0,-113.3013
13.074024,80.228397,16.0,-100.0451
13.073812,80.22634,14.0,-96.0395
13.073952,80.224774,14.0,-84.756
13.074067,80.223736,16.0,-83.511
13.074156,80.22238,11.0,-86.145
13.074357,80.221034,13.0,-81.284
13.074829,80.218329,13.0,-79.8437
13.075018,80.217078,16.0,-81.1835
13.075137,80.216014,16.0,-83.4499
13.075282,80.214827,14.0,-82.8518
13.075613,80.213948,17.0,-68.864
13.076653,80.21233,11.0,-56.5798
13.077008,80.211262,14.0,-71.1579
13.077128,80.209659,15.0,-85.6051
13.077063,80.208469,14.0,-93.2094
13.07702,80.207536,13.0,-92.7088
13.07692,80.206343,8.0,-94.9183
13.076716,80.205154,7.0,-99.9895
13.076433,80.203722,13.0,-101.4687
13.076234,80.20226,12.0,-97.9547
13.076363,80.201034,11.0,-83.8346
13.076334,80.200107,11.0,-91.8394
13.075874,80.198222,12.0,-104.0645
13.075459,80.196749,13.0,-106.1317
13.075199,80.195747,12.0,-104.9164
13.074451,80.194599,13.0,-123.7788
13.074068,80.19367,13.0,-112.9401
13.074108,80.192496,14.0,-87.9966
13.074104,80.19117,14.0,-90.1773
13.073393,80.190228,9.0,-127.7706
13.072824,80.189362,12.0,-124.0006
13.071993,80.187519,12.0,-114.8388
13.071476,80.186192,16.0,-111.7995
13.071239,80.185194,14.0,-103.7009
13.071021,80.184252,12.0,-103.3644
13.070668,80.183209,13.0,-109.1596
13.070018,80.181913,12.0,-117.243
13.069288,80.180832,15.0,-124.7319
13.068563,80.179808,14.0,-126.0108
13.068016,80.179022,14.0,-125.5431
13.067578,80.178089,15.0,-115.7309
13.067453,80.176529,15.0,-94.7023
13.067133,80.175632,16.0,-110.114
13.066287,80.174417,17.0,-125.5572
13.065636,80.173481,15.0,-125.5267
13.064513,80.171776,17.0,-124.0646
13.064184,80.170876,16.0,-110.5694
13.064165,80.16983,17.0,-91.0682
13.064142,80.168808,17.0,-91.3233
13.063663,80.167818,18.0,-116.4132
13.062399,80.16633,17.0,-131.0892
13.061695,80.165649,18.0,-136.7015
13.061253,80.164527,18.0,-112.0184
13.061252,80.162978,14.0,-90.0378
13.061271,80.161739,13.0,-89.098
13.061303,80.160504,15.0,-88.4762
13.061409,80.159411,15.0,-84.3144
13.061531,80.158488,16.0,-82.2727
13.061476,80.157544,16.0,-93.4227
13.060964,80.156521,11.0,-117.1931
13.060575,80.155635,17.0,-114.2615
13.060506,80.15462,15.0,-93.9918
13.060793,80.152982,18.0,-79.8032
13.061409,80.151481,17.0,-67.1545
13.06185,80.150626,14.0,-62.0992
13.061989,80.149618,15.0,-81.9427
13.061918,80.147211,14.0,-91.7342
13.061668,80.14504,12.0,-96.7416
13.061544,80.143963,16.0,-96.7405
13.061441,80.142602,15.0,-94.4422
13.061291,80.140577,16.0,-94.3483
13.061217,80.139014,18.0,-92.7823
13.061093,80.136887,20.0,-93.4246
13.060931,80.135944,21.0,-100.0014
13.060478,80.134724,21.0,-110.8653
13.05957,80.132721,21.0,-114.955
13.05813,80.129423,19.0,-114.1425
13.057634,80.12851,18.0,-119.1476
13.056593,80.127172,21.0,-128.6134
13.05533,80.125618,23.0,-129.8383
13.054895,80.124817,20.0,-119.1387
13.054598,80.123542,21.0,-103.448
13.054483,80.122583,21.0,-97.0176
13.055107,80.120447,21.0,-73.3065
13.055406,80.119496,20.0,-72.1125
13.056008,80.117617,21.0,-71.7946
13.056609,80.11561,22.0,-72.9124
13.056778,80.114457,21.0,-81.4431
13.056699,80.111953,24.0,-91.8547
13.056701,80.110801,24.0,-89.8978
13.056765,80.109728,26.0,-86.4961
13.056867,80.108189,22.0,-86.1077
13.057108,80.105821,23.0,-84.0354
13.057282,80.102355,22.0,-87.0495
13.057258,80.101415,23.0,-91.5012
13.056735,80.09892,23.0,-102.1436
13.056476,80.097517,24.0,-100.7304
13.056264,80.095512,25.0,-96.1945
13.0559,80.094163,23.0,-105.482
13.055381,80.092957,23.0,-113.8341
13.054799,80.091764,24.0,-116.6011
13.054062,80.090935,24.0,-132.3837
13.053241,80.090401,24.0,-147.6408
13.051583,80.089574,25.0,-154.0845
13.050578,80.089059,29.0,-153.4715
13.049671,80.088471,24.0,-147.7256
13.049055,80.087553,25.0,-124.5594
13.04885,80.086083,24.0,-98.1465
13.048653,80.084933,25.0,-99.9731
13.048237,80.083615,25.0,-107.9519
13.047747,80.082291,27.0,-110.8016
13.047383,80.081027,27.0,-106.4679
13.047026,80.079451,27.0,-103.0899
13.046955,80.078058,26.0,-92.9948
13.046877,80.07547,26.0,-91.7717
13.046704,80.074537,26.0,-100.7765
13.046238,80.073528,29.0,-115.3646
13.04599,80.072452,25.0,-103.3107
13.045898,80.071504,26.0,-95.6888
13.045505,80.070065,27.0,-105.6602
13.04506,80.068511,29.0,-106.3802
13.044099,80.065334,28.0,-107.2492
13.043677,80.064045,29.0,-108.5751
13.04313,80.062708,30.0,-112.7803
13.042675,80.061807,31.0,-117.4007
13.04179,80.0602,33.0,-119.4792
13.041151,80.058748,32.0,-114.3102
13.040796,80.057816,33.0,-111.3547
13.040121,80.056127,31.0,-112.3044
13.039741,80.055285,32.0,-114.8559
13.038586,80.052415,27.0,-112.4447
13.03797,80.050718,30.0,-110.4352
13.037636,80.049703,27.0,-108.6634
13.037319,80.048651,28.0,-107.1869
13.036928,80.047085,26.0,-104.3746
13.036478,80.045441,28.0,-105.6933
13.035948,80.043692,32.0,-107.2779
13.035263,80.041993,34.0,-112.4817
13.034633,80.040749,37.0,-117.4664
13.033189,80.038353,37.0,-121.741
13.032495,80.037134,38.0,-120.3007
13.031943,80.036187,39.0,-120.8921
13.030414,80.033585,41.0,-121.0963
13.029673,80.032306,43.0,-120.7386
13.028032,80.029632,40.0,-122.2067
13.026268,80.026777,35.0,-122.3819
13.02412,80.023308,34.0,-122.4376
13.023246,80.021855,32.0,-121.6908
13.022782,80.020736,32.0,-113.0546
13.02252,80.019511,30.0,-102.3812
13.022383,80.017953,30.0,-95.157
13.022154,80.016831,31.0,-101.8315
13.021535,80.015736,27.0,-120.1229
13.020979,80.014911,27.0,-124.6725
13.01953,80.012731,28.0,-124.3023
13.018736,80.01149,30.0,-123.2922
13.018218,80.010581,32.0,-120.3228
13.017474,80.009136,34.0,-117.8545
13.016544,80.006987,34.0,-113.9493
13.015784,80.005195,35.0,-113.5229
13.015267,80.004217,36.0,-118.4828
13.014387,80.002905,33.0,-124.544
13.012527,80.000249,33.0,-125.7068
13.011896,79.999459,35.0,-129.3443
13.010879,79.998537,37.0,-138.5454
13.008933,79.997116,35.0,-144.5691
13.005691,79.994962,39.0,-147.0825
13.004152,79.993929,41.0,-146.8152
13.0001,79.991104,44.0,-145.8109
12.999235,79.990581,44.0,-149.4964
12.995647,79.989052,46.0,-157.4504
12.994692,79.988512,47.0,-151.1468
12.993893,79.987872,43.0,-142.0283
12.992913,79.986712,40.0,-130.926
12.992003,79.985427,38.0,-126.0086
12.991258,79.984412,37.0,-126.9896
12.988034,79.980089,42.0,-127.4286
12.985733,79.976851,48.0,-126.1021
12.984944,79.975641,48.0,-123.7895
12.98445,79.974726,45.0,-118.9889
12.983958,79.973736,43.0,-117.0219
12.983276,79.972151,41.0,-113.8248
12.982426,79.970223,41.0,-114.3435
12.981895,79.969029,41.0,-114.5313
12.981316,79.967836,41.0,-116.4759
12.98045,79.965738,39.0,-112.9572
12.979946,79.964293,40.0,-109.6939
12.979469,79.963382,39.0,-118.2503
12.978854,79.962578,40.0,-128.1311
12.978145,79.961693,42.0,-129.4246
12.977211,79.960368,46.0,-125.8812
12.976229,79.958843,43.0,-123.457
12.975617,79.957995,41.0,-126.5239
12.974384,79.957021,40.0,-142.4117
12.972827,79.956039,39.0,-148.425
12.971723,79.955518,42.0,-155.3034
12.970732,79.955079,40.0,-156.6509
12.969409,79.954537,41.0,-158.2369
12.96664,79.953449,40.0,-159.048
12.965769,79.952983,41.0,-152.4635
12.965018,79.95227,43.0,-137.225
12.964461,79.951207,41.0,-118.2666
12.964108,79.949601,42.0,-102.7102
12.963166,79.947049,42.0,-110.7452
12.962789,79.946052,45.0,-111.2073
12.962293,79.945279,44.0,-123.3622
12.961337,79.944593,46.0,-145.0352
12.958873,79.944026,43.0,-167.3604
12.957809,79.943819,44.0,-169.2644
12.95665,79.943243,47.0,-154.1578
12.956053,79.942553,47.0,-131.5992
12.955684,79.941677,51.0,-113.3757
12.955184,79.938521,50.0,-99.2332
12.95501,79.935796,51.0,-93.7484
12.954691,79.934625,52.0,-105.6172
12.953919,79.933434,52.0,-123.6286
12.953273,79.932498,51.0,-125.3058
12.952542,79.931579,50.0,-129.2212
12.950946,79.929206,50.0,-124.6102
12.950115,79.928051,50.0,-126.4368
12.949371,79.927051,49.0,-127.3586
12.948327,79.925715,49.0,-128.7234
12.94734,79.924746,50.0,-136.2646
12.946532,79.923986,49.0,-137.489
12.94586,79.923346,49.0,-137.1333
12.945173,79.922585,48.0,-132.8089
12.944574,79.92185,49.0,-129.9029
12.943034,79.91983,50.0,-128.0342
12.939427,79.915114,52.0,-128.1235
12.938133,79.9137,55.0,-133.1972
12.935874,79.911232,55.0,-133.2025
12.934975,79.910291,56.0,-134.4282
12.934085,79.909307,56.0,-132.8618
12.933437,79.908274,56.0,-122.7664
12.93315,79.907064,58.0,-103.6777
12.933289,79.905376,59.0,-85.1704
12.933463,79.903834,57.0,-83.3957
12.933367,79.902876,56.0,-95.8703
12.932923,79.901438,58.0,-107.578
12.932223,79.899419,61.0,-109.5818
12.931801,79.898209,59.0,-109.6889
12.930989,79.896531,60.0,-116.4043
12.930369,79.895218,60.0,-115.8494
12.929735,79.894034,62.0,-118.7844
12.926577,79.889708,67.0,-126.8324
12.923327,79.885191,73.0,-126.4345
12.921481,79.882696,78.0,-127.202
12.920834,79.881226,77.0,-114.3024
12.920794,79.879955,77.0,-91.8492
12.921208,79.878692,77.0,-71.4117
12.921983,79.877305,75.0,-60.1752
12.922404,79.876165,75.0,-69.2485
12.92244,79.875015,75.0,-88.1603
12.922161,79.87383,73.0,-103.5801
12.921646,79.872934,73.0,-120.5282
12.921082,79.872142,75.0,-126.1526
12.920305,79.870868,73.0,-122.0354
12.918988,79.867687,74.0,-113.0142
12.918379,79.866035,74.0,-110.7173
12.91801,79.864917,73.0,-108.7072
12.917568,79.863484,73.0,-107.56
12.916976,79.861736,74.0,-109.1604
12.916466,79.860398,78.0,-111.3584
12.91574,79.859129,82.0,-120.4109
12.914875,79.857801,82.0,-123.7531
12.914347,79.856894,83.0,-120.8475
12.913757,79.855757,84.0,-118.0296
12.912228,79.852371,77.0,-114.857
12.911769,79.851184,77.0,-111.6391
12.911596,79.850197,75.0,-100.1942
12.911475,79.8487,73.0,-94.7402
12.911288,79.847337,72.0,-98.0119
12.910034,79.841123,65.0,-101.6964
12.909589,79.839014,65.0,-102.2142
12.909132,79.837341,66.0,-105.6551
12.908638,79.835685,68.0,-107.0162
12.908261,79.834377,67.0,-106.4728
12.907892,79.833387,65.0,-110.9263
12.907294,79.831681,63.0,-109.7791
12.907006,79.830737,61.0,-107.3797
12.906514,79.829176,62.0,-107.9185
12.906041,79.827704,59.0,-108.2451
12.905505,79.826534,60.0,-115.173
12.905069,79.825196,59.0,-108.4848
12.904635,79.823211,60.0,-102.6423
12.90442,79.822095,60.0,-101.18
12.904031,79.819708,63.0,-99.4911
12.903866,79.818514,63.0,-98.069
12.903646,79.817514,63.0,-102.7184
12.902913,79.816052,62.0,-117.2191
12.902461,79.815241,63.0,-119.7597
12.901156,79.812417,62.0,-115.3643
12.900644,79.811294,64.0,-115.0667
12.899862,79.809744,63.0,-117.365
12.897387,79.805833,64.0,-122.9917
12.896773,79.804898,63.0,-123.9672
12.896176,79.804115,63.0,-128.0318
12.895464,79.803103,63.0,-125.8202
12.89424,79.80053,64.0,-116.0129
12.892932,79.79756,65.0,-114.3129
12.892356,79.796339,66.0,-115.8243
12.891756,79.795507,65.0,-126.494
12.890507,79.794543,68.0,-143.0434
12.88968,79.793945,68.0,-144.8209
12.888019,79.792045,70.0,-131.8857
12.887046,79.790781,71.0,-128.297
12.885277,79.788572,68.0,-129.403
12.884161,79.787124,68.0,-128.3306
12.883399,79.785952,67.0,-123.7016
12.881881,79.78342,68.0,-121.5915
12.878232,79.776712,70.0,-119.1615
12.877763,79.775714,70.0,-115.737
12.877383,79.774481,71.0,-107.5438
12.87664,79.771468,73.0,-104.1954
12.876342,79.77043,75.0,-106.4094
12.876053,79.769341,74.0,-105.2283
12.875686,79.767831,76.0,-103.9991
12.875384,79.766771,75.0,-106.2911
12.87507,79.765031,79.0,-100.4873
12.874504,79.754128,75.0,-93.047
12.874441,79.753184,76.0,-93.9162
12.874006,79.749012,76.0,-96.1044
12.87373,79.746577,76.0,-96.6317
12.873636,79.745605,76.0,-95.6652
12.873203,79.741327,76.0,-95.927
12.873093,79.738172,76.0,-92.0479
12.872837,79.73365,76.0,-93.323
12.872749,79.732009,75.0,-93.1484
12.872445,79.729902,76.0,-98.4185
12.87197,79.727152,78.0,-100.0471
12.871369,79.723931,81.0,-100.8349
12.871058,79.722228,79.0,-100.6098
12.870911,79.7209,79.0,-96.4778
12.87079,79.71907,81.0,-93.8799
12.870892,79.717327,83.0,-86.5646
12.871037,79.716361,84.0,-81.2467
12.871205,79.715161,83.0,-81.8276
12.871266,79.713941,83.0,-87.0638
12.871099,79.710689,83.0,-93.015
12.871031,79.70928,84.0,-92.834
12.871253,79.708228,85.0,-77.7858
12.871846,79.706822,83.0,-66.6048
12.872363,79.705352,86.0,-70.1621
12.872596,79.704356,84.0,-76.506
12.872899,79.702938,85.0,-77.6367
12.87305,79.70201,85.0,-80.524
12.873163,79.699713,86.0,-87.1109
12.873262,79.698594,86.0,-84.8143
12.873627,79.695987,86.0,-81.8269
12.8738,79.694923,88.0,-80.5309
12.873999,79.693389,90.0,-82.4199
12.874113,79.690948,92.0,-87.257
12.8743,79.686332,90.0,-87.6199
12.874366,79.685301,89.0,-86.2429
12.874449,79.68332,90.0,-87.5388
12.874472,79.681588,91.0,-89.2194
12.874447,79.680581,91.0,-91.4587
12.874376,79.678819,90.0,-92.3667
12.874153,79.673691,92.0,-92.5536
12.873801,79.671186,94.0,-98.202
12.873499,79.670032,93.0,-105.0264
12.873036,79.667632,93.0,-101.1934
12.872864,79.666451,95.0,-98.4967
12.87272,79.665307,93.0,-97.3572
12.872502,79.66319,92.0,-96.0296
12.872272,79.659515,95.0,-93.6728
12.871944,79.657529,95.0,-99.6152
12.871327,79.655236,98.0,-105.4301
12.87094,79.653795,96.0,-105.4019
12.870145,79.651091,96.0,-106.7823
12.869855,79.6499,96.0,-104.0236
12.869583,79.648824,96.0,-104.5366
12.869471,79.647283,97.0,-94.2635
12.869798,79.645688,98.0,-78.1237
12.870017,79.644617,99.0,-78.1538
12.870483,79.642713,99.0,-75.9067
12.871098,79.640523,100.0,-73.9302
12.871513,79.638836,97.0,-75.8375
12.871893,79.637602,97.0,-72.4696
12.872238,79.63671,97.0,-68.3596
12.872506,79.635808,96.0,-73.0499
12.872727,79.633101,97.0,-85.2126
12.872885,79.632018,99.0,-81.4886
12.873265,79.630732,100.0,-73.1374
12.873732,79.629367,101.0,-70.6615
12.874162,79.628175,100.0,-69.6934
12.874451,79.627036,100.0,-75.4109
12.874527,79.625505,99.0,-87.0848
12.874365,79.623462,100.0,-94.65
12.874218,79.621213,103.0,-93.8356
12.87414,79.619935,102.0,-93.5823
12.87408,79.618351,102.0,-92.225
12.874216,79.616997,103.0,-84.1172
12.874658,79.6159,104.0,-67.5442
12.875632,79.614679,105.0,-50.7071
12.876769,79.613487,106.0,-45.6235
12.877529,79.612306,105.0,-56.5701
12.877976,79.610902,107.0,-71.9133
12.87848,79.609013,107.0,-74.6932
12.878871,79.607702,107.0,-72.9888
12.879278,79.606609,108.0,-69.0941
12.879756,79.605543,109.0,-65.2985
12.880682,79.603667,111.0,-63.1447
12.881965,79.601466,108.0,-59.1218
12.882418,79.600566,108.0,-62.6913
12.88286,79.599458,108.0,-67.7446
12.883419,79.598564,108.0,-57.3227
12.884471,79.59769,108.0,-39.0033
12.887085,79.59616,108.0,-29.7076
12.887999,79.595624,108.0,-29.7549
12.889143,79.594945,107.0,-30.0526
12.890058,79.594025,107.0,-44.4249
12.890598,79.593034,108.0,-60.7951
12.892452,79.589231,111.0,-63.4292
12.893142,79.58772,111.0,-64.8986
12.893949,79.585634,112.0,-68.3531
12.89424,79.58464,111.0,-73.2833
12.89491,79.581523,112.0,-77.5643
12.895342,79.579856,111.0,-75.1119
12.895863,79.577954,110.0,-74.3039
12.896154,79.576737,110.0,-76.2174
12.896329,79.575523,111.0,-81.5878
12.896652,79.573219,112.0,-81.8156
12.897205,79.569331,111.0,-81.6979
12.897486,79.567358,113.0,-81.6872
12.897886,79.565131,113.0,-79.5594
12.898,79.561405,115.0,-88.2018
12.898166,79.557968,115.0,-87.163
12.898413,79.553473,114.0,-86.773
12.898441,79.551617,114.0,-89.1131
12.898445,79.550412,115.0,-89.8047
12.898394,79.547862,116.0,-91.1751
12.898315,79.544686,119.0,-91.4614
12.898278,79.543231,117.0,-91.4942
12.898254,79.541386,119.0,-90.7644
12.898214,79.540148,118.0,-91.8983
12.89813,79.538611,118.0,-93.2088
12.897992,79.534593,120.0,-92.0175
12.898118,79.533018,120.0,-85.308
12.898464,79.53137,121.0,-77.8448
12.898545,79.530381,120.0,-85.1971
12.898504,79.529359,120.0,-92.3566
12.898364,79.527012,119.0,-93.5016
12.898276,79.525783,121.0,-94.2011
12.898056,79.524571,121.0,-100.5485
12.897732,79.518359,121.0,-93.0621
12.897678,79.516686,122.0,-91.8963
12.89766,79.515433,123.0,-90.8442
12.897502,79.510723,123.0,-91.9705
12.897429,79.509032,124.0,-92.5356
12.897213,79.507098,127.0,-96.536
12.896616,79.503332,125.0,-99.2365
12.896391,79.501979,125.0,-99.6813
12.896209,79.499665,125.0,-94.6128
12.896243,79.498378,124.0,-88.4474
12.896651,79.497073,126.0,-72.217
12.89815,79.493296,125.0,-67.846
12.899573,79.490103,125.0,-65.4298
12.90056,79.487889,126.0,-65.4231
12.90123,79.486733,126.0,-59.2644
12.901888,79.485598,128.0,-59.2578
12.902333,79.484241,128.0,-71.4057
12.902341,79.483278,128.0,-89.5116
12.902296,79.481108,128.0,-91.2185
12.902253,79.480161,128.0,-92.667
12.902004,79.477322,128.0,-95.1412
12.901634,79.473482,129.0,-95.6449
12.90133,79.470251,130.0,-95.513
12.900766,79.462513,133.0,-94.2754
12.900537,79.459763,136.0,-94.8826
12.900124,79.453484,138.0,-93.8596
12.900072,79.452503,140.0,-93.1125
12.900137,79.450529,138.0,-88.065
12.900267,79.447463,140.0,-87.509
12.900454,79.443719,141.0,-87.0663
12.900511,79.442358,144.0,-87.5396
12.900561,79.441248,144.0,-87.354
12.900727,79.438709,145.0,-86.1625
12.900839,79.437624,143.0,-83.9548
12.901122,79.435574,142.0,-81.9389
12.901588,79.433015,143.0,-79.4178
12.902413,79.428176,141.0,-80.0785
12.902731,79.426596,142.0,-78.3334
12.903017,79.425308,142.0,-77.1668
12.903742,79.422647,145.0,-74.3834
12.904052,79.421628,146.0,-72.6667
12.904386,79.419133,149.0,-82.1799
12.904733,79.417863,147.0,-74.3413
12.905105,79.416867,145.0,-69.0344
12.90604,79.414412,147.0,-68.6579
12.906798,79.412502,150.0,-67.8464
12.907633,79.41033,157.0,-68.4753
12.908017,79.409171,157.0,-71.2265
12.908738,79.406546,159.0,-74.2625
12.909103,79.405164,159.0,-74.8391
12.909545,79.403925,158.0,-69.8978
12.910164,79.402633,156.0,-63.8245
12.910529,79.401743,156.0,-67.181
12.91103,79.400694,155.0,-63.8957
12.911849,79.39916,154.0,-61.2882
12.91332,79.396492,156.0,-60.5049
12.914423,79.394505,159.0,-60.3377
12.915845,79.391832,159.0,-61.3743
12.916123,79.390933,158.0,-72.3978
12.916787,79.389123,154.0,-69.3748
12.916961,79.387917,154.0,-81.5798
12.916846,79.386756,154.0,-95.8026
12.917548,79.38617,153.0,-39.1329
12.918541,79.384972,153.0,-49.6219
12.919028,79.383592,154.0,-70.0964
12.919513,79.382223,158.0,-70.0249
12.919903,79.381151,158.0,-69.5315
12.920302,79.380209,159.0,-66.5116
12.920893,79.379056,162.0,-62.2604
12.921491,79.377922,164.0,-61.5849
12.921904,79.377099,168.0,-62.7578
12.922817,79.375429,164.0,-60.7112
12.923301,79.374483,165.0,-62.3039
12.923624,79.373293,166.0,-74.4383
12.923943,79.371827,169.0,-77.4147
12.924744,79.370348,171.0,-60.9407
12.924973,79.369286,172.0,-77.5249
12.925059,79.368073,170.0,-85.8394
12.925215,79.365867,174.0,-85.85
12.925302,79.364591,175.0,-85.9983
12.925394,79.363303,175.0,-85.8084
12.925471,79.362037,174.0,-86.4291
12.925519,79.360696,170.0,-87.8966
12.925452,79.359364,168.0,-92.9541
12.925367,79.357607,169.0,-92.8414
12.925436,79.356421,170.0,-86.5839
12.925547,79.354616,166.0,-86.3895
12.925453,79.352524,165.0,-92.6393
12.925663,79.351531,170.0,-77.7577
12.926143,79.350488,173.0,-64.7243
12.926615,79.349355,172.0,-66.8568
12.927096,79.348072,171.0,-68.9606
12.928133,79.345316,167.0,-68.8904
12.928578,79.34414,167.0,-68.7815
12.929055,79.342884,166.0,-68.7112
12.929615,79.341144,164.0,-71.726
12.930208,79.339206,165.0,-72.5703
12.93049,79.338301,166.0,-72.2703
12.931344,79.336791,168.0,-59.8742
12.931832,79.335854,169.0,-61.8815
12.932232,79.33501,170.0,-64.0678
12.932839,79.333235,174.0,-70.6653
12.933236,79.332016,176.0,-71.5226
12.933681,79.330928,177.0,-67.2343
12.934188,79.330132,177.0,-56.8347
12.934836,79.328909,177.0,-61.4697
12.935481,79.328934,176.0,2.1634
12.935531,79.328052,177.0,-86.671
12.935881,79.327187,180.0,-67.4536
12.936236,79.325987,179.0,-73.1149
12.936221,79.325381,179.0,-91.4548
12.936834,79.324473,180.0,-55.2899
12.937587,79.323684,182.0,-45.6012
12.938446,79.323039,182.0,-36.197
12.939533,79.322555,183.0,-23.4587
12.940466,79.322334,184.0,-12.9993
12.941785,79.322167,191.0,-7.0344
12.942751,79.32193,186.0,-13.4474
12.943592,79.321586,187.0,-21.7344
12.944494,79.321201,187.0,-22.5864
12.94531,79.32078,187.0,-26.6941
12.946294,79.320269,186.0,-26.8443
12.947188,79.319813,190.0,-26.4319
12.948057,79.319364,188.0,-26.7275
12.948853,79.318796,186.0,-34.8156
12.949448,79.318098,185.0,-48.8244
12.949939,79.317244,186.0,-59.4616
12.950389,79.316073,186.0,-68.4797
12.950754,79.314944,183.0,-71.6475
12.951147,79.31327,189.0,-76.4556
12.951537,79.311607,185.0,-76.4695
12.951753,79.310686,186.0,-76.469
12.951968,79.309772,186.0,-76.4299
12.952244,79.308574,183.0,-76.6994
12.952815,79.307408,184.0,-63.3206
12.953567,79.306337,187.0,-54.2278
12.954901,79.304917,193.0,-46.0508
12.95558,79.304194,192.0,-46.0598
12.95657,79.303141,193.0,-46.0283
12.958071,79.301535,190.0,-46.1976
12.959901,79.299376,190.0,-48.9841
12.960657,79.298484,190.0,-48.9868
12.961457,79.29754,191.0,-48.9892
12.962091,79.296792,191.0,-48.9846
12.96273,79.295803,185.0,-56.4554
12.964246,79.292807,185.0,-62.5594
12.964611,79.291848,186.0,-68.6662
12.965282,79.290845,188.0,-55.5305
12.966164,79.290142,191.0,-37.8375
12.968172,79.288805,193.0,-32.9777
12.969485,79.287846,196.0,-35.4416
12.970298,79.287115,195.0,-41.2248
12.971422,79.286104,193.0,-41.235
12.972385,79.285139,191.0,-44.3188
12.973117,79.283543,191.0,-64.7954
12.973539,79.282302,193.0,-70.7631
12.974281,79.281401,194.0,-49.7987
12.975174,79.280688,193.0,-37.8845
12.976132,79.279945,191.0,-37.0808
12.978458,79.278139,189.0,-37.1113
12.980193,79.276792,191.0,-37.1086
12.981064,79.276112,190.0,-37.2624
12.981869,79.275492,190.0,-36.8883
12.984124,79.273753,194.0,-36.9233
12.985342,79.272789,192.0,-37.6402
12.985879,79.271969,191.0,-56.0962
12.986283,79.270924,193.0,-68.3592
12.988153,79.265952,192.0,-68.8939
12.988647,79.264594,193.0,-69.5282
12.989313,79.262876,195.0,-68.3052
12.989829,79.261469,196.0,-69.3751
12.990762,79.258999,194.0,-68.8107
12.991188,79.257892,195.0,-68.4492
12.991641,79.256717,197.0,-68.4132
12.992538,79.254422,203.0,-68.1431
12.993009,79.253403,203.0,-64.622
12.993474,79.252437,200.0,-63.7098
12.995198,79.248914,200.0,-63.3331
12.995693,79.247938,200.0,-62.5028
12.996829,79.245584,204.0,-63.6519
12.996145,79.244738,203.0,-129.6846
12.994419,79.243219,200.0,-139.3858
12.993292,79.242186,204.0,-138.2311
12.992308,79.241317,203.0,-139.2872
12.991532,79.240689,201.0,-141.742
12.990268,79.239729,197.0,-143.4964
12.989366,79.239063,196.0,-144.2662
12.988224,79.238337,198.0,-148.2233
12.986432,79.237203,196.0,-148.3409
12.985578,79.236658,195.0,-148.1244
12.983339,79.235735,201.0,-158.1147
12.980664,79.234754,203.0,-160.3353
12.979252,79.234188,201.0,-158.6639
12.978275,79.233581,196.0,-148.8085
12.977234,79.232863,194.0,-146.0947
12.976123,79.23204,192.0,-144.1761
12.975208,79.231305,192.0,-141.9472
12.973984,79.22928,189.0,-121.8103
12.97292,79.228044,187.0,-131.4569
12.971219,79.226018,190.0,-130.7471
12.970833,79.224423,191.0,-103.9467
12.970685,79.222951,194.0,-95.8905
12.970762,79.221875,192.0,-85.7999
12.970476,79.219426,196.0,-96.8335
12.969653,79.218485,195.0,-131.9078
12.96909,79.216859,194.0,-109.5606
12.968849,79.215441,192.0,-99.8931
12.96857,79.212913,198.0,-96.4611
12.968379,79.211671,195.0,-98.9677
12.968336,79.210731,191.0,-92.6875
12.968327,79.209524,192.0,-90.4383
12.968387,79.20844,190.0,-86.749
12.96844,79.207471,192.0,-86.7874
12.968459,79.206513,193.0,-88.834
12.968372,79.203533,197.0,-91.7157
12.968142,79.202425,196.0,-102.025
12.967818,79.200855,194.0,-101.9567
12.967734,79.199048,193.0,-92.7309
12.967731,79.197269,197.0,-90.0989
12.967721,79.196342,197.0,-90.6341
12.967658,79.195355,196.0,-93.7474
12.967878,79.193691,197.0,-82.2736
12.968029,79.192568,197.0,-82.1438
12.968227,79.191079,200.0,-82.2295
12.968483,79.188921,201.0,-83.0591
12.968569,79.186485,198.0,-87.9249
12.968553,79.185395,197.0,-90.8629
12.96859,79.183473,196.0,-88.8681
12.968386,79.181521,196.0,-96.121
12.968425,79.179526,196.0,-88.8505
12.967995,79.177214,196.0,-100.8049
12.967759,79.175804,197.0,-99.7457
12.967154,79.173311,201.0,-103.9837
12.966868,79.172064,203.0,-103.2435
12.96649,79.170548,203.0,-104.3519
12.965774,79.168471,203.0,-109.4809
12.965695,79.167415,203.0,-94.3897
12.965836,79.166243,203.0,-82.962
12.966098,79.164349,201.0,-81.9206
12.966485,79.162144,200.0,-79.7901
12.966919,79.160451,203.0,-75.2616
12.967391,79.158584,209.0,-75.4563
12.967782,79.157017,210.0,-75.6377
12.968062,79.156116,213.0,-72.3125
12.968055,79.154896,207.0,-90.3372
12.968056,79.153409,206.0,-89.9603
12.967892,79.151254,205.0,-94.4651
12.967784,79.149713,207.0,-94.1134
12.968085,79.148314,211.0,-77.5496
12.968388,79.147387,211.0,-71.4576
12.968736,79.146357,211.0,-70.8781
12.968879,79.145437,210.0,-80.9374
12.968855,79.143942,208.0,-90.9436
12.96874,79.142284,209.0,-94.071
12.968701,79.141218,209.0,-92.1499
12.967813,79.139603,213.0,-119.4331
12.966711,79.138363,212.0,-132.3636
12.966113,79.137614,209.0,-129.3273
12.966954,79.137232,210.0,-23.876
12.967872,79.137272,212.0,2.4314
12.968944,79.137314,214.0,2.1865
12.97044,79.137168,217.0,-5.4327
12.971443,79.13688,218.0,-15.6322
12.972905,79.136896,220.0,0.611
12.973499,79.13616,221.0,-50.3682
12.973779,79.134507,217.0,-80.1388
12.974252,79.132788,213.0,-74.2318
12.974439,79.131685,213.0,-80.1304
12.974609,79.130368,214.0,-82.4542
12.974537,79.128722,215.0,-92.57
12.974435,79.127295,214.0,-94.195
12.974313,79.125585,214.0,-94.1872
12.974365,79.124533,215.0,-87.0961
12.974572,79.122928,216.0,-82.4605
12.97489,79.121266,219.0,-78.8912
12.975069,79.120274,216.0,-79.5092
12.975261,79.119195,218.0,-79.6514
12.975447,79.118149,219.0,-79.6584
12.97584,79.115333,220.0,-81.8494
12.975803,79.111819,223.0,-90.6187
12.975767,79.110693,227.0,-91.879
12.975724,79.109341,226.0,-91.8692
12.975757,79.108182,226.0,-88.3262
12.975814,79.106889,226.0,-87.4096
12.975903,79.105693,227.0,-85.633
12.976024,79.103563,227.0,-86.6634
12.976023,79.102341,226.0,-90.048
12.975984,79.101418,226.0,-92.4827
12.975826,79.097654,230.0,-92.4662
12.975752,79.096541,229.0,-93.9031
12.975763,79.095159,231.0,-89.5319
12.975584,79.09362,234.0,-96.8063
12.97532,79.090759,232.0,-95.4091
12.975399,79.089605,230.0,-85.9814
12.975462,79.087878,234.0,-87.8559
12.975579,79.086445,238.0,-85.2104
12.975785,79.085256,239.0,-79.9183
12.976564,79.08361,240.0,-64.0953
12.977072,79.082588,237.0,-62.9741
12.977265,79.081312,237.0,-81.1769
12.976789,79.079055,238.0,-102.2117
12.976383,79.077881,237.0,-109.5391
12.976049,79.076432,239.0,-103.3082
12.97563,79.075304,238.0,-110.8661
12.974531,79.073831,238.0,-127.4391
12.974206,79.072943,239.0,-110.585
12.973599,79.072087,237.0,-126.0428
12.973132,79.071157,238.0,-117.2621
12.972844,79.070009,238.0,-104.4367
12.972896,79.068915,239.0,-87.2074
12.972571,79.067838,239.0,-107.2059
12.971903,79.066394,239.0,-115.3944
12.971156,79.065157,239.0,-121.7861
12.970435,79.06429,238.0,-130.4766
12.969358,79.063106,236.0,-133.0283
12.96852,79.062178,234.0,-132.8198
12.968141,79.061223,234.0,-112.1583
12.967987,79.060163,235.0,-98.4794
12.968042,79.059137,235.0,-86.8513
12.968091,79.058144,234.0,-87.1011
12.967797,79.056729,235.0,-102.0357
12.96733,79.055263,235.0,-108.1019
12.966778,79.054185,233.0,-117.72
12.966498,79.05324,233.0,-106.9118
12.966024,79.050499,236.0,-100.0623
12.965803,79.049259,238.0,-100.3641
12.965444,79.047394,241.0,-101.1735
12.965155,79.045545,240.0,-99.1118
12.965023,79.044383,240.0,-96.6488
12.964835,79.043093,241.0,-98.5053
12.964707,79.041907,244.0,-96.3196
12.964508,79.039947,242.0,-95.9478
12.963928,79.035562,238.0,-97.729
12.963733,79.034291,237.0,-98.9468
12.963376,79.03271,239.0,-103.0457
12.962707,79.030249,239.0,-105.5862
12.962347,79.029049,246.0,-107.1106
12.962041,79.027568,243.0,-101.9704
12.96181,79.02535,241.0,-96.0999
12.961828,79.024251,239.0,-89.037
12.96244,79.021637,241.0,-76.4907
12.962721,79.020459,244.0,-76.2456
12.962793,79.019292,241.0,-86.3773
12.962623,79.018089,243.0,-98.2507
12.962546,79.017141,245.0,-94.7643
12.962516,79.015828,245.0,-91.343
12.962548,79.014805,242.0,-88.1614
12.962632,79.013139,240.0,-87.038
12.961571,79.011094,245.0,-118.0303
12.960846,79.009968,243.0,-123.4528
12.959817,79.008389,245.0,-123.771
12.959232,79.007418,246.0,-121.725
12.958655,79.00629,246.0,-117.6946
12.958065,79.005109,246.0,-117.141
12.957297,79.003418,244.0,-114.987
12.956774,79.002205,240.0,-113.8658
12.956085,79.000611,242.0,-113.9189
12.955818,78.999548,241.0,-104.4526
12.95574,78.998477,242.0,-94.2737
12.956526,78.997092,243.0,-59.7861
12.956906,78.996199,246.0,-66.4115
12.957245,78.993944,248.0,-81.2304
12.957275,78.992821,248.0,-88.4297
12.957111,78.99186,247.0,-99.9325
12.956763,78.990309,246.0,-102.9653
12.956301,78.98869,246.0,-106.3207
12.955813,78.987211,248.0,-108.7045
12.955353,78.985714,247.0,-107.5003
12.954929,78.984341,248.0,-107.5821
12.955029,78.983253,248.0,-84.6121
12.955333,78.982122,249.0,-74.5805
12.95571,78.981012,250.0,-70.7859
12.9556,78.979241,248.0,-93.6466
12.955545,78.977873,248.0,-92.3622
12.955002,78.975769,247.0,-104.8324
12.955334,78.973838,249.0,-79.9945
12.955638,78.972594,251.0,-75.9229
12.955862,78.970667,251.0,-83.1977
12.956111,78.968609,254.0,-82.9226
12.956497,78.963391,258.0,-85.6586
12.956553,78.961229,258.0,-88.4773
12.956537,78.95832,260.0,-90.323
12.956507,78.956013,261.0,-90.7642
12.956162,78.954292,262.0,-101.6235
12.955002,78.94851,261.0,-101.6319
12.954958,78.947125,264.0,-91.867
12.954969,78.944924,265.0,-89.7059
12.954982,78.941792,266.0,-89.7556
12.954993,78.93906,271.0,-89.763
12.954997,78.938046,270.0,-89.768
12.955002,78.936811,270.0,-89.7618
12.95504,78.935648,271.0,-88.0796
12.955289,78.931742,271.0,-86.257
12.95567,78.929835,273.0,-78.4142
12.955907,78.92853,273.0,-79.4437
12.956052,78.927532,272.0,-81.5203
12.956163,78.926436,271.0,-84.0668
12.956269,78.925481,272.0,-83.5022
12.956376,78.924541,273.0,-83.3377
12.956512,78.923344,273.0,-83.35
12.956551,78.918681,274.0,-89.5078
12.956577,78.916589,278.0,-89.2691
12.956595,78.915193,276.0,-89.2418
12.956624,78.911412,276.0,-89.5487
12.956441,78.910051,276.0,-97.8555
12.955951,78.907452,279.0,-100.9488
12.955781,78.905858,282.0,-96.2452
12.95557,78.904727,288.0,-100.8371
12.955336,78.903289,286.0,-99.4794
12.955067,78.901967,289.0,-101.7935
12.954829,78.900988,285.0,-104.0067
12.954589,78.9,284.0,-103.9962
12.95307,78.893753,285.0,-104.0089
12.952639,78.8921,282.0,-104.9782
12.952184,78.890176,287.0,-103.6396
12.952059,78.888232,285.0,-93.7746
12.951922,78.885992,287.0,-93.5908
12.951765,78.884617,281.0,-96.6823
12.951438,78.883633,283.0,-108.8289
12.950905,78.882415,283.0,-114.1811
12.949676,78.879608,279.0,-114.1922
12.949192,78.878713,277.0,-119.0255
12.948694,78.877786,279.0,-118.865
12.948189,78.876745,279.0,-116.4625
12.94722,78.875174,279.0,-122.3294
12.94648,78.873956,279.0,-121.9393
12.945173,78.871818,278.0,-122.0983
12.944593,78.870929,277.0,-123.7995
12.943953,78.869956,279.0,-124.0157
12.943256,78.868974,279.0,-126.065
12.942776,78.868158,279.0,-121.1138
12.941509,78.867243,276.0,-144.8608
12.941308,78.866409,278.0,-103.8898
12.941654,78.865351,280.0,-71.4504
12.941543,78.863869,282.0,-94.3944
12.941451,78.862184,280.0,-93.2063
12.941519,78.860945,278.0,-86.7767
12.94186,78.859887,279.0,-71.7005
12.942445,78.85844,280.0,-67.4701
12.942986,78.857559,279.0,-57.7856
12.943358,78.856589,280.0,-68.5201
12.943404,78.855543,282.0,-87.4162
12.943562,78.853808,281.0,-84.6616
12.943802,78.852511,281.0,-79.2493
12.944195,78.850554,280.0,-78.3567
12.944531,78.84954,279.0,-71.2218
12.945192,78.848498,281.0,-56.9398
12.945826,78.847421,280.0,-58.8669
12.94582,78.846377,280.0,-90.3378
12.945165,78.844834,285.0,-113.5362
12.944617,78.844026,280.0,-124.8341
12.944618,78.842864,282.0,-89.9493
12.944745,78.841753,284.0,-83.3101
12.944924,78.840192,283.0,-83.2892
12.945055,78.839054,285.0,-83.2635
12.945221,78.837601,288.0,-83.3138
12.945505,78.836555,287.0,-74.4325
12.946058,78.83552,286.0,-61.2668
12.94693,78.83406,289.0,-58.4983
12.947975,78.832417,290.0,-56.8704
12.948581,78.831398,290.0,-58.6076
12.94882,78.829662,292.0,-81.9591
12.948961,78.82871,293.0,-81.3586
12.949436,78.826559,292.0,-77.2327
12.949531,78.825379,293.0,-85.2774
12.949419,78.824463,294.0,-97.1509
12.949292,78.823529,296.0,-97.9427
12.948914,78.82203,296.0,-104.5068
12.948713,78.821044,296.0,-101.8143
12.948388,78.819375,298.0,-101.2992
12.948281,78.818265,301.0,-95.6487
12.948225,78.817238,300.0,-93.2023
12.948194,78.815992,301.0,-91.4622
12.948108,78.81424,301.0,-92.8832
12.947782,78.812872,301.0,-103.7403
12.947671,78.81161,305.0,-95.1568
12.947326,78.807554,308.0,-94.9876
12.947105,78.804356,312.0,-94.0556
12.947025,78.803365,314.0,-94.735
12.947026,78.801478,315.0,-89.9686
12.947013,78.799512,316.0,-90.3885
12.947009,78.798255,315.0,-90.1869
12.946919,78.79728,319.0,-95.4106
12.94675,78.796156,318.0,-98.7702
12.946628,78.795219,319.0,-97.6095
12.946385,78.793563,321.0,-98.5623
12.946073,78.790933,326.0,-96.9399
12.945876,78.789571,330.0,-98.4416
12.94585,78.788626,331.0,-91.617
12.945715,78.78723,335.0,-95.6666
12.945355,78.783322,335.0,-95.3992
12.94514,78.7815,339.0,-96.9035
12.944965,78.780426,339.0,-99.4915
12.944628,78.778121,341.0,-98.5314
12.944482,78.777096,343.0,-98.315
12.944129,78.774653,350.0,-98.4331
12.944039,78.773467,349.0,-94.4522
12.943964,78.772541,348.0,-94.7506
12.943902,78.771532,346.0,-93.6076
12.943845,78.770111,345.0,-92.3567
12.943723,78.768838,345.0,-95.616
12.94141,78.766035,352.0,-130.2542
12.940724,78.76489,352.0,-121.5806
12.939073,78.759722,359.0,-108.148
12.938776,78.758497,358.0,-103.9695
12.938544,78.757221,361.0,-100.5672
12.938299,78.755462,358.0,-98.133
12.938048,78.752901,362.0,-95.7422
12.937949,78.751899,364.0,-95.7885
12.937364,78.749886,369.0,-106.6033
12.93678,78.748543,370.0,-114.045
12.936798,78.747605,372.0,-88.8719
12.937021,78.746283,376.0,-80.1805
12.937358,78.745365,380.0,-69.3603
12.937856,78.744541,382.0,-58.1964
12.938303,78.743208,383.0,-71.0131
12.938772,78.741568,380.0,-73.6468
12.939722,78.739315,377.0,-66.6042
12.941259,78.7358,373.0,-65.8356
12.941713,78.734647,373.0,-68.0003
12.942039,78.733093,372.0,-77.8523
12.942122,78.731893,371.0,-85.9404
12.942409,78.727759,374.0,-85.925
12.942506,78.726684,373.0,-84.7103
12.942513,78.725533,370.0,-89.6423
12.942533,78.724539,366.0,-88.8172
12.942802,78.723648,366.0,-72.7881
12.943162,78.722684,365.0,-69.0341
12.943311,78.721649,369.0,-81.5972
12.942796,78.72009,373.0,-108.724
12.942388,78.71918,372.0,-114.7042
12.941096,78.717688,371.0,-131.6216
12.940436,78.71699,370.0,-134.1334
12.939587,78.716039,371.0,-132.4898
12.938655,78.715273,371.0,-141.3045
12.936769,78.71403,367.0,-147.2858
12.936039,78.713287,365.0,-135.2307
12.93566,78.712295,364.0,-111.4053
12.935191,78.71089,365.0,-108.9061
12.934896,78.709859,366.0,-106.3611
12.934631,78.708761,367.0,-103.9083
12.934446,78.707643,367.0,-99.6358
12.934243,78.705533,369.0,-95.6373
12.934226,78.704467,371.0,-90.9373
12.934094,78.703141,369.0,-95.8318
12.933792,78.701637,371.0,-101.6413
12.933769,78.700563,371.0,-91.2586
12.933816,78.698239,376.0,-88.811
12.93368,78.695621,372.0,-93.0507
12.933755,78.69455,375.0,-85.8902
12.934111,78.693354,377.0,-73.0168
12.934432,78.69196,377.0,-76.7065
12.935132,78.688649,385.0,-77.7606
12.936256,78.68458,391.0,-74.1753
12.936202,78.683587,393.0,-93.1935
12.935444,78.68287,394.0,-137.3268
12.935305,78.681681,386.0,-96.8398
12.935289,78.680663,375.0,-90.9238
12.933399,78.680255,373.0,-168.1185
12.932691,78.679757,366.0,-145.5675
12.93289,78.67803,361.0,-83.2572
12.93328,78.676744,362.0,-72.7158
12.9333,78.674686,365.0,-89.4285
12.933139,78.672348,361.0,-94.0412
12.932653,78.671468,355.0,-119.5378
12.931999,78.670547,366.0,-126.0762
12.932319,78.668726,367.0,-79.7791
12.931372,78.668912,379.0,169.1631
12.930528,78.669336,378.0,153.9122
12.931562,78.667015,394.0,-65.4351
12.930498,78.66798,412.0,138.5247
12.930662,78.667571,412.0,-67.6372
12.931037,78.666587,398.0,-68.6437
12.930846,78.66665,394.0,162.1785
12.930311,78.667444,432.0,124.6574
12.929985,78.667484,472.0,173.1805
12.930496,78.666716,432.0,-55.6795
12.930236,78.66573,451.0,-105.1389
12.930695,78.664834,465.0,-62.2733
12.930838,78.663829,444.0,-81.6939
12.931227,78.662827,461.0,-68.2813
12.931561,78.661842,477.0,-70.8166
12.931971,78.660842,467.0,-67.1849
12.931907,78.659526,465.0,-92.8564
12.932407,78.658263,494.0,-67.8936
12.932207,78.656691,495.0,-97.437
12.931787,78.655803,522.0,-115.8863
12.93093,78.655053,518.0,-139.5374
12.929955,78.654391,532.0,-146.505
12.929325,78.653709,539.0,-133.4643
12.929284,78.652331,556.0,-91.7484
12.929766,78.651153,560.0,-67.2266
12.929518,78.650243,557.0,-105.6218
12.930062,78.64944,552.0,-55.1974
12.930106,78.648364,553.0,-87.5974
12.930374,78.646775,570.0,-80.1822
12.929781,78.645891,571.0,-124.5382
12.929865,78.64456,577.0,-86.295
12.930315,78.64367,570.0,-62.5809
12.930623,78.64242,572.0,-75.8121
12.931391,78.641088,575.0,-59.3922
12.931235,78.638863,576.0,-94.1143
12.931,78.637914,578.0,-104.2555
12.932003,78.637136,575.0,-37.0892
12.931852,78.636111,576.0,-98.5951
12.931271,78.635178,581.0,-122.5755
12.931353,78.633706,582.0,-86.7286
12.932779,78.632678,584.0,-35.0923
12.933334,78.631808,586.0,-56.7937
12.933555,78.630731,593.0,-78.1104
12.933592,78.628624,602.0,-88.9675
12.934204,78.62751,607.0,-60.5911
12.935109,78.626191,610.0,-54.8547
12.935123,78.624805,612.0,-89.4061
12.935711,78.624096,612.0,-49.6044
12.936709,78.624,609.0,-5.3559
12.937477,78.62338,609.0,-38.1956
12.938397,78.622515,621.0,-42.5004
12.939409,78.621831,622.0,-33.3739
12.939883,78.620476,617.0,-70.2553
12.940135,78.619555,627.0,-74.3181
12.940648,78.618642,629.0,-60.0353
12.941531,78.61686,640.0,-63.0499
12.94207,78.61596,650.0,-58.4292
12.942403,78.61505,648.0,-69.4201
12.942719,78.614084,653.0,-71.4456
12.943265,78.613192,657.0,-57.8684
12.943206,78.612035,660.0,-92.995
12.94377,78.610604,665.0,-67.9812
12.944084,78.609568,664.0,-72.7247
12.94374,78.608061,664.0,-103.182
12.943096,78.606646,661.0,-115.0319
12.942683,78.605146,664.0,-105.7754
12.942853,78.604071,664.0,-80.7833
12.943506,78.602795,658.0,-62.296
12.944505,78.601706,662.0,-46.7326
12.945393,78.601458,668.0,-15.226
12.946132,78.600701,674.0,-44.9518
12.946496,78.599752,676.0,-68.517
12.946923,78.598727,676.0,-66.8555
12.949011,78.595032,686.0,-59.8931
12.949613,78.593704,688.0,-65.0547
12.949989,78.592814,690.0,-66.5633
12.950125,78.59178,687.0,-82.3136
12.950611,78.590945,691.0,-59.1531
12.951285,78.590285,691.0,-43.6609
12.952101,78.589322,694.0,-48.9938
12.952535,78.588338,696.0,-65.6497
12.952891,78.585697,691.0,-82.1247
12.952911,78.583977,694.0,-89.3162
12.953115,78.582998,697.0,-77.9308
12.953758,78.581994,699.0,-56.6885
12.954318,78.581034,704.0,-59.0966
12.954763,78.577973,700.0,-81.5152
12.954915,78.576986,701.0,-81.02
12.953994,78.574639,701.0,-111.9326
12.953709,78.573479,701.0,-104.1496
12.953417,78.571923,703.0,-100.8993
12.953103,78.571004,707.0,-109.3204
12.952507,78.569932,706.0,-119.704
12.952285,78.568205,714.0,-97.5139
12.952022,78.566672,713.0,-99.9838
12.951732,78.564855,715.0,-99.3006
12.95173,78.562549,719.0,-90.0507
12.951907,78.560861,725.0,-83.8587
12.952164,78.558736,735.0,-82.9256
12.952297,78.556709,737.0,-86.148
12.952305,78.555398,733.0,-89.6411
12.952247,78.553345,734.0,-91.6602
12.952224,78.551581,736.0,-90.7663
12.952323,78.550193,735.0,-85.814
12.952522,78.54928,731.0,-77.393
12.952842,78.548295,738.0,-71.5638
12.953276,78.547204,742.0,-67.7952
12.954511,78.54424,753.0,-66.8507
12.955233,78.542365,754.0,-68.4396
12.955762,78.541313,754.0,-62.7068
12.956756,78.539629,750.0,-58.7973
12.9581,78.537608,751.0,-55.6904
12.959454,78.535618,756.0,-55.0777
12.961054,78.533176,749.0,-56.0857
12.963047,78.529957,751.0,-57.5708
12.963935,78.528576,751.0,-56.5818
12.964919,78.526888,751.0,-59.1125
12.965383,78.526022,747.0,-61.1973
12.965908,78.52488,739.0,-64.7444
12.966375,78.523976,738.0,-62.0714
12.96685,78.523143,736.0,-59.6659
12.967557,78.521792,734.0,-61.7636
12.968321,78.520318,733.0,-61.9921
12.969554,78.518732,718.0,-51.4178
12.971104,78.516884,710.0,-49.2811
12.971756,78.516242,714.0,-43.817
12.972669,78.515047,719.0,-51.9025
12.973467,78.514143,717.0,-47.8276
12.974107,78.513458,721.0,-46.2054
12.975215,78.512375,726.0,-43.6057
12.976326,78.510784,735.0,-54.3744
12.976927,78.509839,734.0,-56.8696
12.97867,78.508398,726.0,-38.8554
12.980528,78.507103,719.0,-34.1833
12.982628,78.505662,713.0,-33.7686
12.983846,78.504776,716.0,-35.3299
12.984569,78.504028,720.0,-45.2318
12.986345,78.502922,728.0,-31.2502
12.987566,78.502091,732.0,-33.5515
12.988518,78.501397,739.0,-35.3877
12.989284,78.500868,741.0,-33.9378
12.99221,78.498623,733.0,-36.7824
12.993524,78.497587,724.0,-37.533
12.994456,78.4968,721.0,-39.4474
12.995708,78.495793,723.0,-38.0862
12.99645,78.495216,725.0,-37.1515
12.997274,78.494614,724.0,-35.4457
12.998047,78.493901,719.0,-41.9475
12.99894,78.492649,715.0,-53.7951
13.000733,78.490214,724.0,-52.9209
13.001478,78.489263,725.0,-51.2008
13.00237,78.487873,724.0,-56.6305
13.002567,78.48667,720.0,-80.4595
13.002487,78.485411,727.0,-93.7311
13.002358,78.484338,727.0,-97.0339
13.002216,78.483169,731.0,-97.1061
13.002127,78.482097,732.0,-94.8701
13.001905,78.480441,733.0,-97.8337
13.001821,78.479488,736.0,-95.1689
13.002593,78.477207,738.0,-70.8449
13.002824,78.476257,740.0,-75.9876
13.003197,78.474747,745.0,-75.7739
13.003766,78.473913,744.0,-54.9998
13.003945,78.47215,745.0,-84.0508
13.004102,78.470305,747.0,-85.0086
13.004274,78.468499,758.0,-84.4172
13.004861,78.465842,754.0,-77.2244
13.004992,78.464618,756.0,-83.7314
13.005364,78.463154,762.0,-75.3834
13.005668,78.461803,763.0,-76.9958
13.006536,78.459167,773.0,-71.3267
13.006588,78.457806,776.0,-87.7542
13.006751,78.456291,778.0,-83.6985
13.00678,78.455268,778.0,-88.3334
13.006772,78.454187,772.0,-90.4351
13.007218,78.45296,771.0,-69.5413
13.007701,78.451471,774.0,-71.5861
13.008816,78.448389,777.0,-69.6294
13.008859,78.446836,778.0,-88.3721
13.0091,78.445574,782.0,-78.9106
13.009157,78.444362,782.0,-87.2364
13.009113,78.44298,784.0,-91.8714
13.009206,78.441804,785.0,-85.3596
13.009303,78.440607,784.0,-85.2455
13.009617,78.439207,781.0,-77.0365
13.009957,78.438126,775.0,-72.1093
13.010175,78.436358,776.0,-82.7873
13.010374,78.434931,776.0,-81.8546
13.010634,78.433279,774.0,-80.824
13.010466,78.431781,776.0,-96.5659
13.010346,78.430689,775.0,-96.4348
13.010098,78.42824,774.0,-95.9334
13.00983,78.425985,776.0,-96.9542
13.009756,78.424913,780.0,-94.0524
13.009857,78.423898,781.0,-84.1686
13.010062,78.422344,778.0,-82.2893
13.010519,78.419756,777.0,-79.7271
13.010817,78.418328,775.0,-77.9108
13.011529,78.415343,775.0,-76.2436
13.011985,78.413769,776.0,-73.4404
13.012327,78.412676,773.0,-72.1956
13.012792,78.411671,770.0,-64.5977
13.0136,78.410713,768.0,-49.1186
13.014425,78.409526,765.0,-54.4976
13.014884,78.407556,766.0,-76.5508
13.014931,78.406112,764.0,-88.0865
13.014897,78.404597,764.0,-91.3193
13.014806,78.403156,765.0,-93.7083
13.014711,78.401303,767.0,-93.0119
13.014636,78.399954,770.0,-93.2657
13.014698,78.398979,769.0,-86.2657
13.013725,78.398502,771.0,-154.4687
13.012721,78.397196,773.0,-128.2741
13.012293,78.396056,777.0,-111.0732
13.012292,78.394145,779.0,-90.0306
13.011932,78.392231,779.0,-100.926
13.011565,78.391062,782.0,-107.8597
13.011366,78.389773,782.0,-99.0036
13.011138,78.388865,779.0,-104.4516
13.010978,78.387696,781.0,-97.9962
13.011069,78.386604,788.0,-85.1113
13.011025,78.385619,788.0,-92.6249
13.010643,78.384649,788.0,-112.008
13.009438,78.382834,784.0,-124.2704
13.008842,78.38212,782.0,-130.5873
13.007985,78.380901,781.0,-125.8123
13.00751,78.379953,776.0,-117.2144
13.007111,78.378871,774.0,-110.7302
13.007066,78.377676,772.0,-92.2132
13.006828,78.376392,772.0,-100.7711
13.006405,78.374947,774.0,-106.7223
13.00622,78.373967,775.0,-100.9649
13.00634,78.371261,778.0,-87.3938
13.006086,78.369891,779.0,-100.7735
13.006156,78.368735,780.0,-86.4436
13.006408,78.367427,786.0,-78.8149
13.006776,78.36623,789.0,-72.4878
13.007221,78.365416,791.0,-60.704
13.007775,78.364527,788.0,-57.3976
13.008362,78.362655,788.0,-72.1602
13.008325,78.361515,786.0,-91.9077
13.007747,78.360822,786.0,-130.5642
13.006975,78.359087,777.0,-114.5448
13.006421,78.356431,779.0,-102.083
13.00626,78.355205,779.0,-97.6759
13.005895,78.354256,779.0,-111.5411
13.005471,78.353195,781.0,-112.3006
13.005314,78.351336,788.0,-94.9537
13.005567,78.348818,788.0,-84.1121
13.00559,78.347578,788.0,-88.9093
13.005833,78.346176,786.0,-79.9132
13.005585,78.345022,786.0,-102.438
13.005418,78.343428,780.0,-96.137
13.005112,78.342075,778.0,-103.0678
13.004346,78.34078,772.0,-121.2608
13.003818,78.339874,771.0,-120.8844
13.003674,78.338858,769.0,-98.2762
13.004233,78.337617,766.0,-65.1888
13.004822,78.336693,768.0,-56.8062
13.005361,78.335298,774.0,-68.369
13.005574,78.334319,772.0,-77.4124
13.005441,78.331785,779.0,-93.0831
13.005573,78.330794,784.0,-82.2155
13.006131,78.330243,785.0,-43.8941
13.006163,78.329237,786.0,-88.13
13.006139,78.328266,782.0,-91.453
13.005932,78.326904,779.0,-98.8656
13.005577,78.324835,780.0,-99.987
13.005343,78.32333,780.0,-99.0664
13.005127,78.321708,777.0,-97.7825
13.004686,78.320307,784.0,-107.9035
13.004339,78.319237,785.0,-108.4092
13.003761,78.317981,792.0,-115.2814
13.003435,78.315832,792.0,-98.8492
13.003127,78.314553,797.0,-103.8824
13.002576,78.312966,799.0,-109.6125
13.001905,78.310851,803.0,-108.0353
13.001179,78.309212,810.0,-114.4467
13.000634,78.307549,808.0,-108.5898
13.000363,78.306552,804.0,-105.5872
13.00006,78.305188,802.0,-102.8429
12.999634,78.302966,799.0,-101.1312
12.999125,78.301176,808.0,-106.269
12.998305,78.298769,810.0,-109.271
12.997544,78.296886,811.0,-112.527
12.99712,78.295864,815.0,-113.0633
12.996532,78.294293,819.0,-111.0128
12.996111,78.293161,819.0,-110.891
12.995645,78.291897,818.0,-110.7246
12.995287,78.290771,816.0,-108.0712
12.995042,78.289759,813.0,-103.953
12.994608,78.287827,815.0,-102.982
12.994325,78.286581,806.0,-103.121
12.994005,78.281139,811.0,-93.4528
12.993874,78.278162,814.0,-92.5854
12.993838,78.276116,817.0,-91.0343
12.993903,78.274901,819.0,-86.8573
12.993755,78.273746,818.0,-97.4916
12.993706,78.272491,819.0,-92.2945
12.993928,78.269656,823.0,-85.405
12.994076,78.268074,828.0,-84.5156
12.99409,78.266703,829.0,-89.3994
12.994064,78.265437,829.0,-91.2073
12.994214,78.264083,830.0,-83.5135
12.994382,78.262818,829.0,-82.2385
12.994551,78.261703,830.0,-81.1582
12.994759,78.260307,832.0,-81.3059
12.994791,78.258263,836.0,-89.0793
12.995093,78.255648,840.0,-83.2404
13.002039,78.255631,839.0,-0.1366
13.00442,78.255898,842.0,6.2355
13.006359,78.256006,843.0,3.1064
13.008359,78.256142,840.0,3.7906
13.010028,78.256368,848.0,7.5159
13.013162,78.256743,856.0,6.6497
13.014347,78.255664,864.0,-41.5781
13.014884,78.254653,863.0,-61.4024
13.016342,78.24904,851.0,-75.0713
13.016796,78.246856,854.0,-77.9558
13.017178,78.244184,851.0,-81.652
13.017414,78.241999,839.0,-83.6739
13.017487,78.240616,841.0,-86.8988
13.017283,78.235958,841.0,-92.5732
13.017049,78.230793,858.0,-92.6617
13.016943,78.228455,855.0,-92.664
13.016722,78.224164,857.0,-93.0254
13.01615,78.217905,852.0,-95.3579
13.015929,78.214795,845.0,-94.1711
13.015695,78.212818,841.0,-96.9263
13.01581,78.210839,839.0,-86.5866
13.016881,78.206479,831.0,-75.849
13.018085,78.201841,829.0,-75.0801
13.018877,78.198806,834.0,-75.0055
13.019852,78.19492,843.0,-75.5585
13.02026,78.192844,844.0,-78.5952
13.021315,78.187339,828.0,-78.8713
13.022015,78.184053,834.0,-77.6661
13.022306,78.182323,832.0,-80.2044
13.022513,78.18067,831.0,-82.6756
13.023346,78.174011,836.0,-82.6827
13.024701,78.168739,840.0,-75.2212
13.025434,78.165763,848.0,-75.8121
13.025797,78.164304,847.0,-75.6743
13.027064,78.159489,837.0,-74.8853
13.028372,78.154103,839.0,-76.0026
13.028442,78.153017,841.0,-86.2147
13.028356,78.14605,842.0,-90.7251
13.028356,78.144675,840.0,-89.9998
13.028503,78.143544,839.0,-82.401
13.029002,78.13971,835.0,-82.3905
13.030184,78.13625,842.0,-70.6766
13.03191,78.131709,844.0,-68.6868
13.034107,78.125932,848.0,-68.6758
13.034948,78.123457,855.0,-70.7717
13.035279,78.122484,857.0,-70.7516
13.035871,78.119851,863.0,-77.0042
13.036076,78.11576,867.0,-87.0551
13.036423,78.110245,862.0,-86.3041
13.037053,78.104456,872.0,-83.6255
13.037148,78.1019,879.0,-87.8149
13.037179,78.096758,878.0,-89.6449
13.037242,78.093119,886.0,-88.9815
13.037465,78.08951,894.0,-86.3705
13.037605,78.087249,889.0,-86.363
13.03792,78.081459,895.0,-86.8031
13.037852,78.078252,891.0,-91.2465
13.037482,78.072081,889.0,-93.5211
13.037353,78.06902,889.0,-92.4766
13.037179,78.064899,877.0,-92.4812
13.03685,78.062181,880.0,-97.0822
13.036718,78.061249,882.0,-98.2715
13.035579,78.05428,888.0,-99.5226
13.035219,78.052171,890.0,-99.9378
13.035034,78.050964,891.0,-98.9407
13.034917,78.049939,889.0,-96.6825
13.034826,78.048977,888.0,-95.5457
13.03475,78.047467,885.0,-92.9572
13.03474,78.046247,883.0,-90.4819
13.034728,78.044996,882.0,-90.564
13.034709,78.041845,885.0,-90.3543
13.034727,78.039627,881.0,-89.5225
13.034793,78.031989,887.0,-89.491
13.034817,78.028994,892.0,-89.5284
13.03483,78.027557,896.0,-89.4678
13.034934,78.02597,900.0,-86.1516
13.035189,78.024153,904.0,-81.8025
13.035758,78.020681,907.0,-80.4509
13.035872,78.019476,903.0,-84.4534
13.035904,78.01813,903.0,-88.6019
13.035945,78.016731,902.0,-88.2768
13.035945,78.013145,900.0,-89.9996
13.036013,78.011809,900.0,-87.0092
13.036351,78.006356,894.0,-86.3589
13.036461,78.004529,890.0,-86.4634
13.036525,78.003443,890.0,-86.5382
13.036666,78.001068,884.0,-86.5125
13.036788,77.999519,881.0,-85.3778
13.036951,77.998293,876.0,-82.2287
13.037581,77.99585,874.0,-75.1734
13.03833,77.993023,874.0,-74.7857
13.038623,77.991645,877.0,-77.6879
13.03875,77.990423,879.0,-83.9107
13.03876,77.989225,880.0,-89.509
13.038634,77.987405,885.0,-94.0646
13.038257,77.983392,892.0,-95.5076
13.038183,77.981905,892.0,-92.924
13.038252,77.980713,890.0,-86.5995
13.038446,77.979713,891.0,-78.7377
13.038819,77.978365,889.0,-74.1438
13.039412,77.976643,889.0,-70.5323
13.039905,77.975197,891.0,-70.7116
13.040284,77.973727,897.0,-75.1765
13.040555,77.972171,900.0,-79.8639
13.040787,77.969567,896.0,-84.7744
13.040993,77.966913,896.0,-85.4444
13.0412,77.964204,902.0,-85.5149
13.041893,77.955122,908.0,-85.5204
13.042575,77.946725,910.0,-85.2333
13.042703,77.94526,906.0,-84.8749
13.043112,77.942204,898.0,-82.1774
13.043333,77.940574,897.0,-82.0767
13.043495,77.938932,900.0,-84.217
13.043956,77.925145,924.0,-88.0327
13.044051,77.922054,920.0,-88.1927
13.044128,77.919177,915.0,-88.426
13.044137,77.917696,910.0,-89.6424
13.044152,77.916441,914.0,-89.2969
13.044175,77.914401,918.0,-89.3367
13.044216,77.912109,923.0,-88.9478
13.044283,77.91116,925.0,-85.8549
13.044393,77.909827,928.0,-85.1581
13.044454,77.90866,929.0,-86.9286
13.044577,77.904253,929.0,-88.3585
13.044572,77.902793,930.0,-90.2013
13.044526,77.900852,932.0,-91.3933
13.04443,77.899046,930.0,-93.123
13.044225,77.896675,929.0,-95.0715
13.044071,77.895357,924.0,-96.8392
13.043943,77.894425,921.0,-98.0244
13.043756,77.893153,919.0,-98.5814
13.043582,77.892009,923.0,-98.8736
13.043113,77.888829,925.0,-98.6083
13.042742,77.886341,921.0,-98.7021
13.042469,77.884496,921.0,-98.6362
13.042342,77.883535,920.0,-97.7251
13.042226,77.882468,916.0,-96.3674
13.041966,77.878477,922.0,-93.8253
13.041803,77.875871,923.0,-93.6733
13.040907,77.862328,905.0,-93.8835
13.040666,77.858557,898.0,-93.7528
13.040099,77.849901,884.0,-93.8457
13.039931,77.847423,886.0,-93.9806
13.039872,77.846461,888.0,-93.6021
13.039637,77.84285,889.0,-93.8214
13.039502,77.840696,895.0,-93.6807
13.039385,77.83897,892.0,-93.9801
13.039023,77.833283,898.0,-93.7377
13.039052,77.831862,900.0,-88.7998
13.039341,77.830336,904.0,-78.9989
13.039888,77.828906,905.0,-68.5628
13.040578,77.827738,908.0,-58.7676
13.041207,77.826934,907.0,-51.2337
13.042076,77.826109,918.0,-42.765
13.043323,77.825317,917.0,-31.7466
13.044319,77.824813,910.0,-26.2417
13.045672,77.824404,910.0,-16.4091
13.047061,77.824247,910.0,-6.2837
13.048256,77.824271,909.0,1.1209
13.051481,77.824418,905.0,2.5425
13.056356,77.824606,908.0,2.1514
13.058002,77.824729,907.0,4.1635
13.059793,77.824923,901.0,6.0234
13.061615,77.825098,900.0,5.3452
13.063575,77.825204,898.0,3.0157
13.064695,77.825165,895.0,-1.9427
13.067394,77.824866,892.0,-6.1591
13.068993,77.824603,890.0,-9.1024
13.076179,77.823438,890.0,-8.9739
13.080337,77.822842,878.0,-7.9482
13.081213,77.822238,877.0,-33.8855
13.081886,77.820869,877.0,-63.2199
13.082326,77.819593,876.0,-70.5051
13.08234,77.818147,877.0,-89.4303
13.081663,77.816387,877.0,-111.5493
13.081151,77.815415,873.0,-118.4036
13.080449,77.814314,874.0,-123.2081
13.079626,77.812954,875.0,-121.8511
13.078679,77.811229,878.0,-119.4057
13.077366,77.808773,883.0,-118.7597
13.076982,77.807799,882.0,-112.0354
13.076765,77.806424,881.0,-99.2029
13.076812,77.805408,880.0,-87.2809
13.077006,77.804271,878.0,-80.0643
13.07719,77.803182,876.0,-80.1592
13.077326,77.801861,876.0,-83.9665
13.077299,77.797967,872.0,-90.4074
13.077208,77.796557,875.0,-93.7906
13.07694,77.795564,877.0,-105.4866
13.076391,77.794594,880.0,-120.1585
13.075854,77.793592,882.0,-118.8192
13.074704,77.79162,880.0,-120.9081
13.072432,77.787612,884.0,-120.1968
13.071983,77.786786,886.0,-119.1634
13.071149,77.785382,885.0,-121.3755
13.070628,77.784425,883.0,-119.2003
13.069673,77.782652,881.0,-118.9406
13.067082,77.777853,869.0,-118.9973
13.066539,77.777095,868.0,-126.3307
13.065551,77.776187,865.0,-138.1639
13.063762,77.774649,862.0,-140.0555
13.062583,77.773533,860.0,-137.3217
13.061089,77.772247,862.0,-140.0198
13.059955,77.771303,862.0,-140.9607
13.058924,77.770409,863.0,-139.8124
13.057774,77.769418,864.0,-139.9879
13.057091,77.768726,864.0,-135.3753
13.056465,77.767882,867.0,-127.2852
13.055928,77.766913,868.0,-119.6348
13.054479,77.763656,875.0,-114.5454
13.053546,77.761984,873.0,-119.8046
13.052935,77.760958,876.0,-121.4379
13.051545,77.758459,880.0,-119.725
13.050596,77.756848,881.0,-121.161
13.049704,77.755498,882.0,-124.1473
13.048936,77.754387,881.0,-125.3591
13.046552,77.751043,892.0,-126.1968
13.045549,77.749661,890.0,-126.6855
13.044597,77.748297,888.0,-125.619
13.04336,77.746614,883.0,-127.0331
13.042287,77.745067,882.0,-125.4495
13.041635,77.744223,884.0,-128.4131
13.038784,77.740228,880.0,-126.2235
13.03785,77.738863,875.0,-125.0824
13.037229,77.737987,877.0,-126.0418
13.034109,77.733602,874.0,-126.1416
13.031455,77.729887,866.0,-126.2518
13.030442,77.728168,866.0,-121.1684
13.028872,77.725404,868.0,-120.2431
13.026227,77.720562,875.0,-119.2785
13.024291,77.717078,873.0,-119.6982
13.02279,77.714381,875.0,-119.7363
13.019382,77.708521,885.0,-120.8331
13.017764,77.705797,886.0,-121.3682
13.017034,77.704516,884.0,-120.3231
13.016518,77.703484,880.0,-117.1662
13.016149,77.702622,879.0,-113.7188
13.015704,77.701739,879.0,-117.3503
13.01491,77.700799,879.0,-130.9236
13.013213,77.69977,885.0,-149.4257
13.011933,77.699,886.0,-149.6247
13.011188,77.698431,884.0,-143.3452
13.010481,77.697812,885.0,-139.534
13.009491,77.696951,887.0,-139.7229
13.008626,77.696276,890.0,-142.7535
13.008223,77.694621,888.0,-104.0316
13.008268,77.693532,891.0,-87.5714
13.008112,77.692498,891.0,-98.8019
13.007939,77.691589,900.0,-101.0524
13.007632,77.69013,905.0,-102.1863
13.007135,77.688902,903.0,-112.5569
13.006241,77.68713,906.0,-117.3749
13.005348,77.685593,903.0,-120.8074
13.004735,77.684514,903.0,-120.2452
13.002177,77.680047,910.0,-120.4429
13.001269,77.678397,912.0,-119.4568
13.000193,77.676466,908.0,-119.7643
12.999294,77.674469,904.0,-114.7975
12.997037,77.669783,900.0,-116.3033
12.996597,77.668912,895.0,-117.4043
12.996197,77.668029,894.0,-114.9341
12.995491,77.66655,896.0,-116.1
12.995099,77.665509,895.0,-111.1293
12.994685,77.664514,897.0,-113.1232
12.994213,77.663509,900.0,-115.7337
12.993738,77.662453,906.0,-114.7794
12.993033,77.661027,898.0,-116.9022
12.992399,77.659678,909.0,-115.7491
12.991167,77.657151,910.0,-116.5805
12.990526,77.655882,911.0,-117.4016
12.989997,77.654787,911.0,-116.3718
12.987757,77.64994,913.0,-115.3733
12.987112,77.648523,912.0,-115.0388
12.986625,77.647379,914.0,-113.5991
12.985725,77.645128,912.0,-112.3089
12.985327,77.644037,909.0,-110.5246
12.984691,77.642459,910.0,-112.4707
12.984291,77.641341,904.0,-110.1616
12.983992,77.640382,899.0,-107.7427
12.983152,77.638184,891.0,-111.4145
12.982701,77.636862,888.0,-109.295
12.982477,77.634732,894.0,-96.1595
12.982362,77.633744,895.0,-96.8116
12.98222,77.632637,900.0,-97.4991
12.981637,77.631483,899.0,-117.4044
12.981507,77.630366,899.0,-96.8108
12.981537,77.629348,899.0,-88.2676
12.982065,77.626769,900.0,-78.1344
12.981859,77.624532,902.0,-95.3983
12.981656,77.623352,896.0,-100.012
12.981138,77.622553,890.0,-123.6363
12.979595,77.621796,897.0,-154.449
12.978862,77.621131,899.0,-138.5216
12.978038,77.620323,890.0,-136.3025
12.976192,77.620313,896.0,-179.6976
12.976586,77.619664,904.0,-58.0771
12.977404,77.619221,900.0,-27.8221
12.979113,77.618304,905.0,-27.6034
12.979933,77.617847,902.0,-28.5054
12.980526,77.6167,898.0,-62.0513
12.980854,77.61552,898.0,-74.0788
12.980789,77.614539,899.0,-93.8898
12.979729,77.614133,911.0,-159.5328
12.979872,77.613152,910.0,-81.492
12.980286,77.612079,907.0,-68.3987
12.980652,77.611074,907.0,-69.5077
12.980951,77.610098,908.0,-72.5474
12.978179,77.609114,922.0,-160.9189
12.977258,77.608782,918.0,-160.6451
12.977468,77.607709,917.0,-78.6435
12.977819,77.606638,921.0,-71.411
12.97839,77.604902,925.0,-71.3483
12.979182,77.602505,923.0,-71.2692
12.977906,77.602201,919.0,-166.9298
12.976732,77.601903,921.0,-166.1067
12.976568,77.600538,918.0,-97.0287
12.976616,77.599352,917.0,-87.6216
12.975578,77.599878,920.0,153.7196
12.974533,77.599597,926.0,-165.3166
12.973616,77.599382,921.0,-167.1302
12.972598,77.598962,916.0,-158.0977
12.971357,77.597967,911.0,-141.999
12.971148,77.596706,906.0,-99.6524
12.971625,77.59528,902.0,-71.0545
